Workbook

Sheet Mode d'emploi
B1: Tableau de suivi des VGP
B3: Quatre onglets : ce mode d'emploi, la saisie dans « Suivi VGP », le référentiel de périodicités, et les textes sur lesquels il se fonde.
B5: 1. Remplissez l'onglet « Suivi VGP »
B6: Saisissez une ligne par machine. Seules les colonnes blanches se remplissent à la main.
B7: La colonne « Type d'équipement (VGP) » est une liste déroulante : c'est elle qui détermine la périodicité.
B8: Renseignez la date de la dernière VGP. Le reste se calcule.
B10: 2. Les colonnes grisées se calculent seules
B11: Périodicité : lue dans l'onglet « Référentiel VGP » à partir du type choisi.
B12: Prochaine échéance : date de la dernière VGP décalée de la périodicité.
B13: Jours restants et statut : recalculés à chaque ouverture du fichier.
B15: 3. Les couleurs
B16: Rouge, « Dépassée » : l'échéance est passée.
... B31: Ce fichier ne remplace ni la lecture de ces textes, ni l'avis de la personne qualifiée qui réalise la vérification.

Sheet Suivi VGP
A1: Désignation | B1: Catégorie parc | C1: Marque et modèle | D1: N° de série | E1: Emplacement | F1: Type d'équipement (VGP) | G1: Périodicité (mois) | H1: Date dernière VGP | I1: Prochaine échéance | J1: Jours restants | K1: Statut | L1: Responsabilité | M1: Vérificateur | N1: Observations
A2: Nacelle articulée 16 m | B2: Nacelle | C2: Haulotte HA16RTJ | D2: HA16-4471 | E2: Dépôt Noisy | F2: Nacelle élévatrice (PEMP) | G2: =IF($F2="","",IFERROR(VLOOKUP($F2,'Référentiel VGP'!$A$2:$B$15,2,FALSE),"")) -> 6 | H2: 46040 | I2: =IF(OR($H2="",NOT(ISNUMBER($G2))),"",EDATE($H2,$G2)) -> 46221 | J2: =IF($I2="","",$I2-TODAY()) -> -34 | K2: =IF($F2="","",IF(NOT(ISNUMBER($G2)),"Hors champ",IF($H2="","À renseigner",IF($J2<0,"Dépassée",IF($J2<=30,"À planifier","À jour"))))) -> Dépassée | L2: Loueur | M2: Apave | N2: Échéance dépassée, machine immobilisée
A3: Chariot télescopique 4 t | B3: Chariot | C3: Manitou MT1440 | D3: MT-220913 | E3: Chantier Bobigny | F3: Chariot élévateur | G3: =IF($F3="","",IFERROR(VLOOKUP($F3,'Référentiel VGP'!$A$2:$B$15,2,FALSE),"")) -> 6 | H3: 46089 | I3: =IF(OR($H3="",NOT(ISNUMBER($G3))),"",EDATE($H3,$G3)) -> 46273 | J3: =IF($I3="","",$I3-TODAY()) -> 18 | K3: =IF($F3="","",IF(NOT(ISNUMBER($G3)),"Hors champ",IF($H3="","À renseigner",IF($J3<0,"Dépassée",IF($J3<=30,"À planifier","À jour"))))) -> À planifier | L3: Locataire | M3: Vérificateur interne | N3: En location, retour prévu avant l'échéance
A4: Mini-pelle 2,5 t | B4: Engin | C4: Kubota KX027-4 | D4: KX-88120 | E4: Dépôt Noisy | F4: Engin de terrassement à conducteur porté (sans levage) | G4: =IF($F4="","",IFERROR(VLOOKUP($F4,'Référentiel VGP'!$A$2:$B$15,2,FALSE),"")) -> 12 | H4: 46130 | I4: =IF(OR($H4="",NOT(ISNUMBER($G4))),"",EDATE($H4,$G4)) -> 46495 | J4: =IF($I4="","",$I4-TODAY()) -> 240 | K4: =IF($F4="","",IF(NOT(ISNUMBER($G4)),"Hors champ",IF($H4="","À renseigner",IF($J4<0,"Dépassée",IF($J4<=30,"À planifier","À jour"))))) -> À jour | L4: Loueur | M4: Bureau Veritas | N4: Sans équipement de levage
A5: Pelle 8 t avec crochet | B5: Engin | C5: Yanmar SV100 | D5: SV-33017 | E5: Chantier Pantin | F5: Engin de terrassement équipé pour le levage | G5: =IF($F5="","",IFERROR(VLOOKUP($F5,'Référentiel VGP'!$A$2:$B$15,2,FALSE),"")) -> 6 | H5: 46166 | I5: =IF(OR($H5="",NOT(ISNUMBER($G5))),"",EDATE($H5,$G5)) -> 46350 | J5: =IF($I5="","",$I5-TODAY()) -> 95 | K5: =IF($F5="","",IF(NOT(ISNUMBER($G5)),"Hors champ",IF($H5="","À renseigner",IF($J5<0,"Dépassée",IF($J5<=30,"À planifier","À jour"))))) -> À jour | L5: Loueur | M5: Bureau Veritas | N5: Crochet de manutention monté, périodicité ramenée à 6 mois
A6: Grue auxiliaire 12 t/m | B6: Divers | C6: Palfinger PK 15.501 | D6: PK-71204 | E6: Atelier | F6: Grue auxiliaire de chargement sur véhicule | G6: =IF($F6="","",IFERROR(VLOOKUP($F6,'Référentiel VGP'!$A$2:$B$15,2,FALSE),"")) -> 6 | I6: =IF(OR($H6="",NOT(ISNUMBER($G6))),"",EDATE($H6,$G6)) | J6: =IF($I6="","",$I6-TODAY()) | K6: =IF($F6="","",IF(NOT(ISNUMBER($G6)),"Hors champ",IF($H6="","À renseigner",IF($J6<0,"Dépassée",IF($J6<=30,"À planifier","À jour"))))) -> À renseigner | L6: Interne | N6: Machine reprise, dernier rapport à retrouver
A7: Compresseur 5 m³/min | B7: Compresseur | C7: Atlas Copco XAS 88 | D7: XAS-50611 | E7: Dépôt Noisy | F7: Compresseur | G7: =IF($F7="","",IFERROR(VLOOKUP($F7,'Référentiel VGP'!$A$2:$B$15,2,FALSE),"")) -> Hors champ | I7: =IF(OR($H7="",NOT(ISNUMBER($G7))),"",EDATE($H7,$G7)) | J7: =IF($I7="","",$I7-TODAY()) | K7: =IF($F7="","",IF(NOT(ISNUMBER($G7)),"Hors champ",IF($H7="","À renseigner",IF($J7<0,"Dépassée",IF($J7<=30,"À planifier","À jour"))))) -> Hors champ | L7: Interne | N7: Relève d'un autre régime de vérification
G8: =IF($F8="","",IFERROR(VLOOKUP($F8,'Référentiel VGP'!$A$2:$B$15,2,FALSE),"")) | I8: =IF(OR($H8="",NOT(ISNUMBER($G8))),"",EDATE($H8,$G8)) | J8: =IF($I8="","",$I8-TODAY()) | K8: =IF($F8="","",IF(NOT(ISNUMBER($G8)),"Hors champ",IF($H8="","À renseigner",IF($J8<0,"Dépassée",IF($J8<=30,"À planifier","À jour")))))
G9: =IF($F9="","",IFERROR(VLOOKUP($F9,'Référentiel VGP'!$A$2:$B$15,2,FALSE),"")) | I9: =IF(OR($H9="",NOT(ISNUMBER($G9))),"",EDATE($H9,$G9)) | J9: =IF($I9="","",$I9-TODAY()) | K9: =IF($F9="","",IF(NOT(ISNUMBER($G9)),"Hors champ",IF($H9="","À renseigner",IF($J9<0,"Dépassée",IF($J9<=30,"À planifier","À jour")))))
G10: =IF($F10="","",IFERROR(VLOOKUP($F10,'Référentiel VGP'!$A$2:$B$15,2,FALSE),"")) | I10: =IF(OR($H10="",NOT(ISNUMBER($G10))),"",EDATE($H10,$G10)) | J10: =IF($I10="","",$I10-TODAY()) | K10: =IF($F10="","",IF(NOT(ISNUMBER($G10)),"Hors champ",IF($H10="","À renseigner",IF($J10<0,"Dépassée",IF($J10<=30,"À planifier","À jour")))))
G11: =IF($F11="","",IFERROR(VLOOKUP($F11,'Référentiel VGP'!$A$2:$B$15,2,FALSE),"")) | I11: =IF(OR($H11="",NOT(ISNUMBER($G11))),"",EDATE($H11,$G11)) | J11: =IF($I11="","",$I11-TODAY()) | K11: =IF($F11="","",IF(NOT(ISNUMBER($G11)),"Hors champ",IF($H11="","À renseigner",IF($J11<0,"Dépassée",IF($J11<=30,"À planifier","À jour")))))
G12: =IF($F12="","",IFERROR(VLOOKUP($F12,'Référentiel VGP'!$A$2:$B$15,2,FALSE),"")) | I12: =IF(OR($H12="",NOT(ISNUMBER($G12))),"",EDATE($H12,$G12)) | J12: =IF($I12="","",$I12-TODAY()) | K12: =IF($F12="","",IF(NOT(ISNUMBER($G12)),"Hors champ",IF($H12="","À renseigner",IF($J12<0,"Dépassée",IF($J12<=30,"À planifier","À jour")))))
G13: =IF($F13="","",IFERROR(VLOOKUP($F13,'Référentiel VGP'!$A$2:$B$15,2,FALSE),"")) | I13: =IF(OR($H13="",NOT(ISNUMBER($G13))),"",EDATE($H13,$G13)) | J13: =IF($I13="","",$I13-TODAY()) | K13: =IF($F13="","",IF(NOT(ISNUMBER($G13)),"Hors champ",IF($H13="","À renseigner",IF($J13<0,"Dépassée",IF($J13<=30,"À planifier","À jour")))))
G14: =IF($F14="","",IFERROR(VLOOKUP($F14,'Référentiel VGP'!$A$2:$B$15,2,FALSE),"")) | I14: =IF(OR($H14="",NOT(ISNUMBER($G14))),"",EDATE($H14,$G14)) | J14: =IF($I14="","",$I14-TODAY()) | K14: =IF($F14="","",IF(NOT(ISNUMBER($G14)),"Hors champ",IF($H14="","À renseigner",IF($J14<0,"Dépassée",IF($J14<=30,"À planifier","À jour")))))
G15: =IF($F15="","",IFERROR(VLOOKUP($F15,'Référentiel VGP'!$A$2:$B$15,2,FALSE),"")) | I15: =IF(OR($H15="",NOT(ISNUMBER($G15))),"",EDATE($H15,$G15)) | J15: =IF($I15="","",$I15-TODAY()) | K15: =IF($F15="","",IF(NOT(ISNUMBER($G15)),"Hors champ",IF($H15="","À renseigner",IF($J15<0,"Dépassée",IF($J15<=30,"À planifier","À jour")))))
G16: =IF($F16="","",IFERROR(VLOOKUP($F16,'Référentiel VGP'!$A$2:$B$15,2,FALSE),"")) | I16: =IF(OR($H16="",NOT(ISNUMBER($G16))),"",EDATE($H16,$G16)) | J16: =IF($I16="","",$I16-TODAY()) | K16: =IF($F16="","",IF(NOT(ISNUMBER($G16)),"Hors champ",IF($H16="","À renseigner",IF($J16<0,"Dépassée",IF($J16<=30,"À planifier","À jour")))))
G17: =IF($F17="","",IFERROR(VLOOKUP($F17,'Référentiel VGP'!$A$2:$B$15,2,FALSE),"")) | I17: =IF(OR($H17="",NOT(ISNUMBER($G17))),"",EDATE($H17,$G17)) | J17: =IF($I17="","",$I17-TODAY()) | K17: =IF($F17="","",IF(NOT(ISNUMBER($G17)),"Hors champ",IF($H17="","À renseigner",IF($J17<0,"Dépassée",IF($J17<=30,"À planifier","À jour")))))
G18: =IF($F18="","",IFERROR(VLOOKUP($F18,'Référentiel VGP'!$A$2:$B$15,2,FALSE),"")) | I18: =IF(OR($H18="",NOT(ISNUMBER($G18))),"",EDATE($H18,$G18)) | J18: =IF($I18="","",$I18-TODAY()) | K18: =IF($F18="","",IF(NOT(ISNUMBER($G18)),"Hors champ",IF($H18="","À renseigner",IF($J18<0,"Dépassée",IF($J18<=30,"À planifier","À jour")))))
G19: =IF($F19="","",IFERROR(VLOOKUP($F19,'Référentiel VGP'!$A$2:$B$15,2,FALSE),"")) | I19: =IF(OR($H19="",NOT(ISNUMBER($G19))),"",EDATE($H19,$G19)) | J19: =IF($I19="","",$I19-TODAY()) | K19: =IF($F19="","",IF(NOT(ISNUMBER($G19)),"Hors champ",IF($H19="","À renseigner",IF($J19<0,"Dépassée",IF($J19<=30,"À planifier","À jour")))))
... G200: =IF($F200="","",IFERROR(VLOOKUP($F200,'Référentiel VGP'!$A$2:$B$15,2,FALSE),"")) | I200: =IF(OR($H200="",NOT(ISNUMBER($G200))),"",EDATE($H200,$G200)) | J200: =IF($I200="","",$I200-TODAY()) | K200: =IF($F200="","",IF(NOT(ISNUMBER($G200)),"Hors champ",IF($H200="","À renseigner",IF($J200<0,"Dépassée",IF($J200<=30,"À planifier","À jour")))))

Sheet Référentiel VGP
A1: Type d'équipement | B1: Périodicité (mois) | C1: Fondement réglementaire | D1: Point de vigilance | E1: Fiche détaillée
A2: Nacelle élévatrice (PEMP) | B2: 6 | C2: Art. 20-II et 23, arrêté du 1er mars 2004 | E2: https://travixosystems.com/fr/vgp/nacelle-pemp
A3: Chariot élévateur | B3: 6 | C3: Art. 20-II et 23, arrêté du 1er mars 2004 | E3: https://travixosystems.com/fr/vgp/chariot-elevateur
A4: Grue auxiliaire de chargement sur véhicule | B4: 6 | C4: Art. 20-II et 23, arrêté du 1er mars 2004 | E4: https://travixosystems.com/fr/vgp/grue-auxiliaire-chargement
A5: Engin de terrassement équipé pour le levage | B5: 6 | C5: Art. 20-II et 23, arrêté du 1er mars 2004 | D5: C'est l'équipement de levage qui fait entrer l'engin dans cette ligne. Sans lui, voir la ligne « engin de terrassement à conducteur porté ». | E5: https://travixosystems.com/fr/vgp/engin-terrassement-levage
A6: Hayon élévateur | B6: 6 | C6: Art. 20-II et 23, arrêté du 1er mars 2004 | E6: https://travixosystems.com/fr/vgp/hayon-elevateur
A7: Monte-matériaux de chantier | B7: 6 | C7: Art. 20-II et 23, arrêté du 1er mars 2004
A8: Grue mobile automotrice ou sur porteur | B8: 6 | C8: Art. 20-II et 23, arrêté du 1er mars 2004 | D8: La ligne du II de l'article 20 vise les grues mobiles ne nécessitant pas de montage ou de démontage de parties importantes.
A9: Pont roulant, palan ou potence | B9: 12 | C9: Art. 23, règle générale, arrêté du 1er mars 2004 | E9: https://travixosystems.com/fr/vgp/pont-roulant-palan
A10: Engin de terrassement à conducteur porté (sans levage) | B10: 12 | C10: Art. 2, arrêté du 5 mars 1993 | D10: Le texte vise les machines à conducteur porté. Le compactage ne figure pas dans les quatre opérations énumérées. | E10: https://travixosystems.com/fr/vgp/engin-terrassement-conducteur-porte
A11: Machine à battre les palplanches | B11: 12 | C11: Art. 2, arrêté du 5 mars 1993 | E11: https://travixosystems.com/fr/vgp/machine-battre-palplanches
A12: Compacteur à déchets | B12: 3 | C12: Art. 1er, arrêté du 5 mars 1993 | D12: Deux conditions cumulatives : machine mue par une énergie autre que la force humaine employée directement, et chargement ou déchargement manuel en phase de production. | E12: https://travixosystems.com/fr/vgp/compacteur-dechets
A13: Compresseur | B13: Hors champ | C13: Hors VGP levage. Régime des équipements sous pression | D13: Ne relève ni de l'arrêté du 1er mars 2004 ni de celui du 5 mars 1993. Périodicité à établir sur le régime applicable.
A14: Groupe électrogène | B14: Hors champ | C14: Hors VGP levage. Vérification des installations électriques | D14: Ne relève ni de l'arrêté du 1er mars 2004 ni de celui du 5 mars 1993. Périodicité à établir sur le régime applicable.
A15: Autre (à qualifier) | B15: Hors champ | C15: À qualifier par la personne qualifiée | D15: Aucune périodicité n'est proposée tant que l'équipement n'est pas rattaché à un texte.

Sheet Sources
A1: Objet | B1: Sources primaires des périodicités de l'onglet « Référentiel VGP ».
A3: Texte | B3: Arrêté du 1er mars 2004 (appareils de levage)
A4: Champ | B4: Article 22 : VGP des appareils de levage visés à l'article 2-a.
A5: Règle générale | B5: « La vérification générale périodique des appareils de levage soumis à l'article 22 doit avoir lieu tous les douze mois. » (art. 23)
A6: Exception six mois | B6: Appareils énumérés aux II et III de l'article 20, dont : grues auxiliaires de chargement sur véhicules ; hayons élévateurs ; monte-matériaux de chantier ; engins de terrassement équipés pour le levage ; grues mobiles ne nécessitant pas de montage de parties importantes ; chariots élévateurs ; plates-formes élévatrices mobiles de personnes.
A7: En location | B7: « A cet effet, il doit être placé sur l'appareil, ou à défaut à proximité, avec la notice d'instructions, les copies des rapports de vérification de première mise en service et de la dernière vérification périodique ainsi que l'historique des vérifications périodiques effectuées. » (art. 15-II)
A8: Lien | B8: https://www.legifrance.gouv.fr/loda/id/JORFTEXT000000439029
A10: Texte | B10: Arrêté du 5 mars 1993 (machines hors levage)
A11: Douze mois | B11: « Machines mobiles d'extraction, de terrassement, d'excavation ou de forage du sol à conducteur porté et machines à battre les palplanches. » (art. 2). Le qualificatif « à conducteur porté » restreint l'énumération.
A12: Trois mois | B12: Presses, massicots, machines à cylindres pour l'industrie du caoutchouc, presses à balles, compacteurs à déchets, systèmes de compactage des véhicules de collecte (art. 1er-I).
A13: Restriction, art. 1er | B13: « Ne sont toutefois soumis à une vérification générale périodique que les équipements de travail mus par une source d'énergie autre que la force humaine employée directement et dont le chargement ou le déchargement est effectué manuellement en phase de production. » Les deux conditions sont cumulatives.
A14: Campagnes saisonnières | B14: Pour les seuls équipements de l'article 1er : si l'intercampagne dépasse trois mois, une seule vérification est requise pendant cette période, et la remise en service doit être précédée d'un essai de fonctionnement en sécurité (art. 1er-II).
... A24: Édité par | B24: TraviXO Systems, marque de Deralis Digital. https://travixosystems.com
